Position,Name + ID,Name,ID,Roster Position,Salary,Game Info,TeamAbbrev,AvgPointsPerGame
M/F,Eden Hazard (11831757),Eden Hazard,11831757,M/F/UTIL,10600,CHE vs LEI 10:00AM ET,CHE,17.27
M/F,Raheem Sterling (11831760),Raheem Sterling,11831760,M/F/UTIL,10300,MCI vs CRY 10:00AM ET,MCI,16.30
F,Sergio Aguero (11831763),Sergio Aguero,11831763,F/UTIL,9800,MCI vs CRY 10:00AM ET,MCI,14.67
M/F,Riyad Mahrez (11831448),Riyad Mahrez,11831448,M/F/UTIL,9400,MCI vs CRY 10:00AM ET,MCI,9.56
M/F,Anthony Martial (11831765),Anthony Martial,11831765,M/F/UTIL,9100,CAR vs MU 12:30PM ET,MU,9.69
M/F,Leroy Sane (11831768),Leroy Sane,11831768,M/F/UTIL,8800,MCI vs CRY 10:00AM ET,MCI,12.15
M/F, Willian (11831771), Willian,11831771,M/F/UTIL,8600,CHE vs LEI 10:00AM ET,CHE,10.27
M,Ryan Fraser (11831451),Ryan Fraser,11831451,M/UTIL,8500,BOU vs BHA 10:00AM ET,BOU,13.24
F,Gabriel Jesus (11831774),Gabriel Jesus,11831774,F/UTIL,8400,MCI vs CRY 10:00AM ET,MCI,6.62
F,Marcus Rashford (11831776),Marcus Rashford,11831776,F/UTIL,8200,CAR vs MU 12:30PM ET,MU,8.98
M,Felipe Anderson (11831455),Felipe Anderson,11831455,M/UTIL,8100,WHU vs WAT 10:00AM ET,WHU,11.97
M/F, Pedro (11831778), Pedro,11831778,M/F/UTIL,8000,CHE vs LEI 10:00AM ET,CHE,8.92
M,David Silva (11831453),David Silva,11831453,M/UTIL,7900,MCI vs CRY 10:00AM ET,MCI,10.88
F,Javier Chicharito (11831781),Javier Chicharito,11831781,F/UTIL,7900,WHU vs WAT 10:00AM ET,WHU,7.06
F,Salomon Rondon (11831783),Salomon Rondon,11831783,F/UTIL,7800,NEW vs FUL 10:00AM ET,NEW,8.29
M,Robert Snodgrass (11831457),Robert Snodgrass,11831457,M/UTIL,7800,WHU vs WAT 10:00AM ET,WHU,8.30
M,Solly March (11831459),Solly March,11831459,M/UTIL,7700,BOU vs BHA 10:00AM ET,BHA,8.53
F,Callum Wilson (11831787),Callum Wilson,11831787,F/UTIL,7700,BOU vs BHA 10:00AM ET,BOU,10.62
F,Olivier Giroud (11831785),Olivier Giroud,11831785,F/UTIL,7600,CHE vs LEI 10:00AM ET,CHE,4.70
M/F,Marko Arnautovic (11831791),Marko Arnautovic,11831791,M/F/UTIL,7600,WHU vs WAT 10:00AM ET,WHU,9.5
F,Alvaro Morata (11831789),Alvaro Morata,11831789,F/UTIL,7500,CHE vs LEI 10:00AM ET,CHE,7.48
M/F,Bernardo Silva (11831461),Bernardo Silva,11831461,M/F/UTIL,7500,MCI vs CRY 10:00AM ET,MCI,8.72
M,Paul Pogba (11831464),Paul Pogba,11831464,M/UTIL,7400,CAR vs MU 12:30PM ET,MU,9.75
F,Romelu Lukaku (11831794),Romelu Lukaku,11831794,F/UTIL,7400,CAR vs MU 12:30PM ET,MU,7.48
F,Danny Ings (11831796),Danny Ings,11831796,F/UTIL,7400,HUD vs SOU 10:00AM ET,SOU,11.71
M/F,Alexis Sanchez (11831798),Alexis Sanchez,11831798,M/F/UTIL,7300,CAR vs MU 12:30PM ET,MU,6.5
F,Joshua King (11831801),Joshua King,11831801,F/UTIL,7200,BOU vs BHA 10:00AM ET,BOU,8.79
M,Kevin De Bruyne (11831466),Kevin De Bruyne,11831466,M/UTIL,7200,MCI vs CRY 10:00AM ET,MCI,1.25
M,Juan Mata (11831468),Juan Mata,11831468,M/UTIL,7100,CAR vs MU 12:30PM ET,MU,6.52
F,Aleksandar Mitrovic (11831803),Aleksandar Mitrovic,11831803,F/UTIL,7100,NEW vs FUL 10:00AM ET,FUL,10.57
M/F,Michail Antonio (11831470),Michail Antonio,11831470,M/F/UTIL,7000,WHU vs WAT 10:00AM ET,WHU,6.32
M,James Maddison (11831473),James Maddison,11831473,M/UTIL,6900,CHE vs LEI 10:00AM ET,LEI,12.67
M,Aaron Mooy (11831475),Aaron Mooy,11831475,M/UTIL,6900,HUD vs SOU 10:00AM ET,HUD,10.02
M,Ruben Loftus-Cheek (11831477),Ruben Loftus-Cheek,11831477,M/UTIL,6800,CHE vs LEI 10:00AM ET,CHE,7.68
F,Charlie Austin (11831805),Charlie Austin,11831805,F/UTIL,6800,HUD vs SOU 10:00AM ET,SOU,4.19
M,David Brooks (11831481),David Brooks,11831481,M/UTIL,6700,BOU vs BHA 10:00AM ET,BOU,7.83
F,Manolo Gabbiadini (11831807),Manolo Gabbiadini,11831807,F/UTIL,6700,HUD vs SOU 10:00AM ET,SOU,4
M,Ilkay Gundogan (11831479),Ilkay Gundogan,11831479,M/UTIL,6700,MCI vs CRY 10:00AM ET,MCI,8.56
M,Ross Barkley (11831483),Ross Barkley,11831483,M/UTIL,6600,CHE vs LEI 10:00AM ET,CHE,6.39
M,Junior Stanislas (11831487),Junior Stanislas,11831487,M/UTIL,6500,BOU vs BHA 10:00AM ET,BOU,4.96
M,Victor Camarasa (11831489),Victor Camarasa,11831489,M/UTIL,6500,CAR vs MU 12:30PM ET,CAR,7.88
M,Matt Ritchie (11831485),Matt Ritchie,11831485,M/UTIL,6500,NEW vs FUL 10:00AM ET,NEW,8.17
M/F,Gerard Deulofeu (11831809),Gerard Deulofeu,11831809,M/F/UTIL,6500,WHU vs WAT 10:00AM ET,WAT,6.5
M,Jesse Lingard (11831491),Jesse Lingard,11831491,M/UTIL,6400,CAR vs MU 12:30PM ET,MU,5.36
M,James Ward-Prowse (11831495),James Ward-Prowse,11831495,M/UTIL,6400,HUD vs SOU 10:00AM ET,SOU,4.71
M,Jonjo Shelvey (11831493),Jonjo Shelvey,11831493,M/UTIL,6400,NEW vs FUL 10:00AM ET,NEW,7
F,Aboubakar Kamara (11831812),Aboubakar Kamara,11831812,F/UTIL,6400,NEW vs FUL 10:00AM ET,FUL,5.92
F,Glenn Murray (11831816),Glenn Murray,11831816,F/UTIL,6300,BOU vs BHA 10:00AM ET,BHA,6.88
M,Alex Pritchard (11831497),Alex Pritchard,11831497,M/UTIL,6300,HUD vs SOU 10:00AM ET,HUD,7.30
M,Mohamed Elyounoussi (11831499),Mohamed Elyounoussi,11831499,M/UTIL,6200,HUD vs SOU 10:00AM ET,SOU,7.12
F, Joselu (11831814), Joselu,11831814,F/UTIL,6200,NEW vs FUL 10:00AM ET,NEW,4.02
M,Marc Albrighton (11831501),Marc Albrighton,11831501,M/UTIL,6100,CHE vs LEI 10:00AM ET,LEI,7.25
M/F,Andre Schurrle (11831503),Andre Schurrle,11831503,M/F/UTIL,6100,NEW vs FUL 10:00AM ET,FUL,9.3
M,Anthony Knockaert (11831508),Anthony Knockaert,11831508,M/UTIL,6000,BOU vs BHA 10:00AM ET,BHA,7.68
GK,Ederson Ederson (11831129),Ederson Ederson,11831129,GK,6000,MCI vs CRY 10:00AM ET,MCI,9.09
F,Luciano Vietto (11831818),Luciano Vietto,11831818,F/UTIL,6000,NEW vs FUL 10:00AM ET,FUL,5.52
D,Jose Holebas (11831179),Jose Holebas,11831179,D/UTIL,6000,WHU vs WAT 10:00AM ET,WAT,13.07
M,Roberto Pereyra (11831506),Roberto Pereyra,11831506,M/UTIL,6000,WHU vs WAT 10:00AM ET,WAT,8.35
GK,Kepa Arrizabalaga (11831130),Kepa Arrizabalaga,11831130,GK,5900,CHE vs LEI 10:00AM ET,CHE,8.5
GK,Claudio Bravo (11831131),Claudio Bravo,11831131,GK,5900,MCI vs CRY 10:00AM ET,MCI,0
GK,Daniel Grimshaw (11831132),Daniel Grimshaw,11831132,GK,5900,MCI vs CRY 10:00AM ET,MCI,0
GK,Arijanet Muric (11831133),Arijanet Muric,11831133,GK,5900,MCI vs CRY 10:00AM ET,MCI,0
M/F,Andros Townsend (11831510),Andros Townsend,11831510,M/F/UTIL,5900,MCI vs CRY 10:00AM ET,CRY,10.12
GK,Robert Green (11831134),Robert Green,11831134,GK,5800,CHE vs LEI 10:00AM ET,CHE,0
GK,Willy Caballero (11831135),Willy Caballero,11831135,GK,5800,CHE vs LEI 10:00AM ET,CHE,0
GK,Jamie Cumming (11831136),Jamie Cumming,11831136,GK,5800,CHE vs LEI 10:00AM ET,CHE,0
GK,Marcin Bulka (11831137),Marcin Bulka,11831137,GK,5800,CHE vs LEI 10:00AM ET,CHE,0
D,Benjamin Mendy (11831181),Benjamin Mendy,11831181,D/UTIL,5800,MCI vs CRY 10:00AM ET,MCI,10.58
M/F,Ayoze Perez (11831820),Ayoze Perez,11831820,M/F/UTIL,5800,NEW vs FUL 10:00AM ET,NEW,5.52
D,Ashley Young (11831183),Ashley Young,11831183,D/UTIL,5700,CAR vs MU 12:30PM ET,MU,11.21
F,Laurent Depoitre (11831825),Laurent Depoitre,11831825,F/UTIL,5700,HUD vs SOU 10:00AM ET,HUD,2.45
M, Kenedy (11831513), Kenedy,11831513,M/UTIL,5700,NEW vs FUL 10:00AM ET,NEW,6.38
GK,David De Gea (11831138),David De Gea,11831138,GK,5600,CAR vs MU 12:30PM ET,MU,6.47
M/F,David Junior Hoilett (11831829),David Junior Hoilett,11831829,M/F/UTIL,5600,CAR vs MU 12:30PM ET,CAR,6.23
D,Marcos Alonso (11831185),Marcos Alonso,11831185,D/UTIL,5600,CHE vs LEI 10:00AM ET,CHE,9.60
F,Callum Hudson-Odoi (11831823),Callum Hudson-Odoi,11831823,F/UTIL,5600,CHE vs LEI 10:00AM ET,CHE,0
GK,Lee Grant (11831139),Lee Grant,11831139,GK,5500,CAR vs MU 12:30PM ET,MU,0
GK,Sergio Romero (11831140),Sergio Romero,11831140,GK,5500,CAR vs MU 12:30PM ET,MU,0
GK,Matej Kovar (11831141),Matej Kovar,11831141,GK,5500,CAR vs MU 12:30PM ET,MU,0
M,Josh Murphy (11831517),Josh Murphy,11831517,M/UTIL,5500,CAR vs MU 12:30PM ET,CAR,8.55
D,Matt Targett (11831189),Matt Targett,11831189,D/UTIL,5500,HUD vs SOU 10:00AM ET,SOU,9.42
M,Pierre-Emile Højbjerg (11831515),Pierre-Emile Højbjerg,11831515,M/UTIL,5500,HUD vs SOU 10:00AM ET,SOU,8.27
F,Steve Mounie (11831827),Steve Mounie,11831827,F/UTIL,5500,HUD vs SOU 10:00AM ET,HUD,3.46
GK,Asmir Begovic (11831142),Asmir Begovic,11831142,GK,5400,BOU vs BHA 10:00AM ET,BOU,5.53
F,Florin Andone (11831834),Florin Andone,11831834,F/UTIL,5400,BOU vs BHA 10:00AM ET,BHA,4.14
F,Jurgen Locadia (11831836),Jurgen Locadia,11831836,F/UTIL,5400,BOU vs BHA 10:00AM ET,BHA,1.16
D, Emerson (11831187), Emerson,11831187,D/UTIL,5400,CHE vs LEI 10:00AM ET,CHE,0
F,Jamie Vardy (11831832),Jamie Vardy,11831832,F/UTIL,5400,CHE vs LEI 10:00AM ET,LEI,9.04
M,Stuart Armstrong (11831519),Stuart Armstrong,11831519,M/UTIL,5400,HUD vs SOU 10:00AM ET,SOU,5.5
GK,Artur Boruc (11831143),Artur Boruc,11831143,GK,5300,BOU vs BHA 10:00AM ET,BOU,0
GK,Aaron Ramsdale (11831144),Aaron Ramsdale,11831144,GK,5300,BOU vs BHA 10:00AM ET,BOU,0
GK,Mark Travers (11831145),Mark Travers,11831145,GK,5300,BOU vs BHA 10:00AM ET,BOU,0
D,Chris Lowe (11831193),Chris Lowe,11831193,D/UTIL,5300,HUD vs SOU 10:00AM ET,HUD,8.17
M,Philip Billing (11831521),Philip Billing,11831521,M/UTIL,5300,HUD vs SOU 10:00AM ET,HUD,7.67
F,Yoshinori Muto (11831838),Yoshinori Muto,11831838,F/UTIL,5300,NEW vs FUL 10:00AM ET,NEW,2.6
F,Isaac Success (11831840),Isaac Success,11831840,F/UTIL,5300,WHU vs WAT 10:00AM ET,WAT,4.29
F,Lys Mousset (11831844),Lys Mousset,11831844,F/UTIL,5200,BOU vs BHA 10:00AM ET,BOU,-0.14
M,Ander Herrera (11831523),Ander Herrera,11831523,M/UTIL,5200,CAR vs MU 12:30PM ET,MU,5.92
D,Cesar Azpilicueta (11831191),Cesar Azpilicueta,11831191,D/UTIL,5200,CHE vs LEI 10:00AM ET,CHE,6.90
GK,Martin Dubravka (11831146),Martin Dubravka,11831146,GK,5200,NEW vs FUL 10:00AM ET,NEW,5.94
F,Andy Carroll (11831842),Andy Carroll,11831842,F/UTIL,5200,WHU vs WAT 10:00AM ET,WHU,2.67
M,Callum Paterson (11831525),Callum Paterson,11831525,M/UTIL,5100,CAR vs MU 12:30PM ET,CAR,7.12
M/F,Victor Moses (11831195),Victor Moses,11831195,M/F/UTIL,5100,CHE vs LEI 10:00AM ET,CHE,0.25
D,Cedric Soares (11831200),Cedric Soares,11831200,D/UTIL,5100,HUD vs SOU 10:00AM ET,SOU,7.13
M/F,Wilfried Zaha (11831846),Wilfried Zaha,11831846,M/F/UTIL,5100,MCI vs CRY 10:00AM ET,CRY,8.70
GK,Robert Elliot (11831147),Robert Elliot,11831147,GK,5100,NEW vs FUL 10:00AM ET,NEW,0
GK,Karl Darlow (11831148),Karl Darlow,11831148,GK,5100,NEW vs FUL 10:00AM ET,NEW,0
GK,Freddy Woodman (11831149),Freddy Woodman,11831149,GK,5100,NEW vs FUL 10:00AM ET,NEW,0
D,Ciaran Clark (11831198),Ciaran Clark,11831198,D/UTIL,5100,NEW vs FUL 10:00AM ET,NEW,5.68
F,Andre Gray (11831849),Andre Gray,11831849,F/UTIL,5100,WHU vs WAT 10:00AM ET,WAT,4.28
M/F,Pascal Groß (11831531),Pascal Groß,11831531,M/F/UTIL,5000,BOU vs BHA 10:00AM ET,BHA,6.14
M/F,Bobby Reid (11831534),Bobby Reid,11831534,M/F/UTIL,5000,CAR vs MU 12:30PM ET,CAR,5.06
F,Joshua Bohui (11831851),Joshua Bohui,11831851,F/UTIL,5000,CAR vs MU 12:30PM ET,MU,0
M,Cesc Fabregas (11831527),Cesc Fabregas,11831527,M/UTIL,5000,CHE vs LEI 10:00AM ET,CHE,1.25
D,Florent Hadergjonaj (11831204),Florent Hadergjonaj,11831204,D/UTIL,5000,HUD vs SOU 10:00AM ET,HUD,5.83
D, Danilo (11831202), Danilo,11831202,D/UTIL,5000,MCI vs CRY 10:00AM ET,MCI,5.5
M,Luka Milivojevic (11831529),Luka Milivojevic,11831529,M/UTIL,5000,MCI vs CRY 10:00AM ET,CRY,10.03
GK,Lukasz Fabianski (11831150),Lukasz Fabianski,11831150,GK,5000,WHU vs WAT 10:00AM ET,WHU,8.06
F,Lucas Perez (11831853),Lucas Perez,11831853,F/UTIL,5000,WHU vs WAT 10:00AM ET,WHU,4.21
D,Adam Smith (11831206),Adam Smith,11831206,D/UTIL,4900,BOU vs BHA 10:00AM ET,BOU,5.17
GK,Alex McCarthy (11831151),Alex McCarthy,11831151,GK,4900,HUD vs SOU 10:00AM ET,SOU,4.44
M/F,Nathan Redmond (11831537),Nathan Redmond,11831537,M/F/UTIL,4900,HUD vs SOU 10:00AM ET,SOU,6.26
GK, Adrian (11831152), Adrian,11831152,GK,4900,WHU vs WAT 10:00AM ET,WHU,0
F,Stefano Okaka (11831855),Stefano Okaka,11831855,F/UTIL,4900,WHU vs WAT 10:00AM ET,WAT,0.5
M/F,Alireza Jahanbakhsh (11831857),Alireza Jahanbakhsh,11831857,M/F/UTIL,4800,BOU vs BHA 10:00AM ET,BHA,3.02
D,Davide Zappacosta (11831208),Davide Zappacosta,11831208,D/UTIL,4800,CHE vs LEI 10:00AM ET,CHE,1.75
GK,Fraser Forster (11831153),Fraser Forster,11831153,GK,4800,HUD vs SOU 10:00AM ET,SOU,0
GK,Angus Gunn (11831154),Angus Gunn,11831154,GK,4800,HUD vs SOU 10:00AM ET,SOU,0
GK,Harry Lewis (11831155),Harry Lewis,11831155,GK,4800,HUD vs SOU 10:00AM ET,SOU,0
M,Abdoulaye Doucoure (11831540),Abdoulaye Doucoure,11831540,M/UTIL,4800,WHU vs WAT 10:00AM ET,WAT,6.59
D,Diego Rico (11831210),Diego Rico,11831210,D/UTIL,4700,BOU vs BHA 10:00AM ET,BOU,6.6
F,Danny Ward (11831866),Danny Ward,11831866,F/UTIL,4700,CAR vs MU 12:30PM ET,CAR,2.25
M,Christian Atsu (11831542),Christian Atsu,11831542,M/UTIL,4700,NEW vs FUL 10:00AM ET,NEW,3.86
F,Jermain Defoe (11831862),Jermain Defoe,11831862,F/UTIL,4600,BOU vs BHA 10:00AM ET,BOU,0.5
D,Matteo Darmian (11831212),Matteo Darmian,11831212,D/UTIL,4600,CAR vs MU 12:30PM ET,MU,5.44
M,Marouane Fellaini (11831544),Marouane Fellaini,11831544,M/UTIL,4600,CAR vs MU 12:30PM ET,MU,2.73
D,David Luiz (11831214),David Luiz,11831214,D/UTIL,4600,CHE vs LEI 10:00AM ET,CHE,5.38
GK,Jonas Lossl (11831156),Jonas Lossl,11831156,GK,4600,HUD vs SOU 10:00AM ET,HUD,3.73
D,Ryan Bertrand (11831218),Ryan Bertrand,11831218,D/UTIL,4600,HUD vs SOU 10:00AM ET,SOU,6.77
F,Shane Long (11831860),Shane Long,11831860,F/UTIL,4600,HUD vs SOU 10:00AM ET,SOU,2.52
F,Adama Diakhaby (11831864),Adama Diakhaby,11831864,F/UTIL,4600,HUD vs SOU 10:00AM ET,HUD,0.86
D,Kyle Walker (11831216),Kyle Walker,11831216,D/UTIL,4600,MCI vs CRY 10:00AM ET,MCI,6.68
M,Brahim Diaz (11831546),Brahim Diaz,11831546,M/UTIL,4600,MCI vs CRY 10:00AM ET,MCI,0
M/F,Ryan Sessegnon (11831548),Ryan Sessegnon,11831548,M/F/UTIL,4600,NEW vs FUL 10:00AM ET,FUL,5.70
D,Daryl Janmaat (11831220),Daryl Janmaat,11831220,D/UTIL,4600,WHU vs WAT 10:00AM ET,WAT,6.96
D,Simon Francis (11831226),Simon Francis,11831226,D/UTIL,4500,BOU vs BHA 10:00AM ET,BOU,4.45
M/F,Jordon Ibe (11831555),Jordon Ibe,11831555,M/F/UTIL,4500,BOU vs BHA 10:00AM ET,BOU,2.29
D,Luke Shaw (11831222),Luke Shaw,11831222,D/UTIL,4500,CAR vs MU 12:30PM ET,MU,5.5
D,Ricardo Pereira (11831224),Ricardo Pereira,11831224,D/UTIL,4500,CHE vs LEI 10:00AM ET,LEI,8.95
GK,Ben Hamer (11831158),Ben Hamer,11831158,GK,4500,HUD vs SOU 10:00AM ET,HUD,1.33
GK,Ryan Schofield (11831159),Ryan Schofield,11831159,GK,4500,HUD vs SOU 10:00AM ET,HUD,0
D,Erik Durm (11831228),Erik Durm,11831228,D/UTIL,4500,HUD vs SOU 10:00AM ET,HUD,5.65
M,Mario Lemina (11831553),Mario Lemina,11831553,M/UTIL,4500,HUD vs SOU 10:00AM ET,SOU,5.38
F,Collin Quaner (11831871),Collin Quaner,11831871,F/UTIL,4500,HUD vs SOU 10:00AM ET,HUD,0
M, Fernandinho (11831551), Fernandinho,11831551,M/UTIL,4500,MCI vs CRY 10:00AM ET,MCI,5.34
GK,Ben Foster (11831157),Ben Foster,11831157,GK,4500,WHU vs WAT 10:00AM ET,WAT,5.38
M/F,Troy Deeney (11831868),Troy Deeney,11831868,M/F/UTIL,4500,WHU vs WAT 10:00AM ET,WAT,6.02
M/F,Jose Izquierdo (11831877),Jose Izquierdo,11831877,M/F/UTIL,4400,BOU vs BHA 10:00AM ET,BHA,3.72
D,Diogo Dalot (11831230),Diogo Dalot,11831230,D/UTIL,4400,CAR vs MU 12:30PM ET,MU,2.31
F,Mason Greenwood (11831873),Mason Greenwood,11831873,F/UTIL,4400,CAR vs MU 12:30PM ET,MU,0
M/F,Nathaniel Mendez-Laing (11831880),Nathaniel Mendez-Laing,11831880,M/F/UTIL,4400,CAR vs MU 12:30PM ET,CAR,3.08
M,Rajiv van La Parra (11831560),Rajiv van La Parra,11831560,M/UTIL,4400,HUD vs SOU 10:00AM ET,HUD,5.9
F,Jordan Ayew (11831875),Jordan Ayew,11831875,F/UTIL,4400,MCI vs CRY 10:00AM ET,CRY,3.46
GK,Heurelho Gomes (11831160),Heurelho Gomes,11831160,GK,4400,WHU vs WAT 10:00AM ET,WAT,0
GK,Pontus Dahlberg (11831161),Pontus Dahlberg,11831161,GK,4400,WHU vs WAT 10:00AM ET,WAT,0
D,Adam Masina (11831232),Adam Masina,11831232,D/UTIL,4400,WHU vs WAT 10:00AM ET,WAT,6.81
D,Antonio Valencia (11831234),Antonio Valencia,11831234,D/UTIL,4300,CAR vs MU 12:30PM ET,MU,4.19
M,Steven Davis (11831558),Steven Davis,11831558,M/UTIL,4300,HUD vs SOU 10:00AM ET,SOU,2.75
F,Elias Kachunga (11831883),Elias Kachunga,11831883,F/UTIL,4300,HUD vs SOU 10:00AM ET,HUD,2.33
GK,Sergio Rico (11831162),Sergio Rico,11831162,GK,4300,NEW vs FUL 10:00AM ET,FUL,5.12
D,Fabian Schar (11831236),Fabian Schar,11831236,D/UTIL,4300,NEW vs FUL 10:00AM ET,NEW,4.61
D,Joe Bryan (11831240),Joe Bryan,11831240,D/UTIL,4300,NEW vs FUL 10:00AM ET,FUL,6.11
M,Jean Michael Seri (11831566),Jean Michael Seri,11831566,M/UTIL,4300,NEW vs FUL 10:00AM ET,FUL,6.66
D,Arthur Masuaku (11831238),Arthur Masuaku,11831238,D/UTIL,4300,WHU vs WAT 10:00AM ET,WHU,4.25
GK,Mat Ryan (11831163),Mat Ryan,11831163,GK,4200,BOU vs BHA 10:00AM ET,BHA,6.59
M, Fred (11831562), Fred,11831562,M/UTIL,4200,CAR vs MU 12:30PM ET,MU,5.38
F,Fousseni Diabate (11831885),Fousseni Diabate,11831885,F/UTIL,4200,CHE vs LEI 10:00AM ET,LEI,2.5
GK, Fabri (11831164), Fabri,11831164,GK,4200,NEW vs FUL 10:00AM ET,FUL,12
GK,Marcus Bettinelli (11831165),Marcus Bettinelli,11831165,GK,4200,NEW vs FUL 10:00AM ET,FUL,1.07
GK,Luca Ashby-Hammond (11831166),Luca Ashby-Hammond,11831166,GK,4200,NEW vs FUL 10:00AM ET,FUL,0
D,Cyrus Christie (11831244),Cyrus Christie,11831244,D/UTIL,4200,NEW vs FUL 10:00AM ET,FUL,4.54
M,Jacob Murphy (11831564),Jacob Murphy,11831564,M/UTIL,4200,NEW vs FUL 10:00AM ET,NEW,2.61
D,Aaron Cresswell (11831242),Aaron Cresswell,11831242,D/UTIL,4200,WHU vs WAT 10:00AM ET,WHU,4.43
GK,Jason Steele (11831167),Jason Steele,11831167,GK,4100,BOU vs BHA 10:00AM ET,BHA,0
GK,David Button (11831168),David Button,11831168,GK,4100,BOU vs BHA 10:00AM ET,BHA,0
F,Kelechi Iheanacho (11831887),Kelechi Iheanacho,11831887,F/UTIL,4100,CHE vs LEI 10:00AM ET,LEI,3.31
D,Oleksandr Zinchenko (11831246),Oleksandr Zinchenko,11831246,D/UTIL,4100,MCI vs CRY 10:00AM ET,MCI,6.5
F,Christian Benteke (11831889),Christian Benteke,11831889,F/UTIL,4100,MCI vs CRY 10:00AM ET,CRY,4.62
D,Paul Dummett (11831248),Paul Dummett,11831248,D/UTIL,4100,NEW vs FUL 10:00AM ET,NEW,4.39
D,Kiko Femenia (11831250),Kiko Femenia,11831250,D/UTIL,4100,WHU vs WAT 10:00AM ET,WAT,4.02
M,Manuel Lanzini (11831568),Manuel Lanzini,11831568,M/UTIL,4100,WHU vs WAT 10:00AM ET,WHU,0
F,Kenneth Zohore (11831893),Kenneth Zohore,11831893,F/UTIL,4000,CAR vs MU 12:30PM ET,CAR,1.79
D,Antonio Rudiger (11831252),Antonio Rudiger,11831252,D/UTIL,4000,CHE vs LEI 10:00AM ET,CHE,3.98
D,Ben Chilwell (11831258),Ben Chilwell,11831258,D/UTIL,4000,CHE vs LEI 10:00AM ET,LEI,7.61
M,N'Golo Kante (11831570),N'Golo Kante,11831570,M/UTIL,4000,CHE vs LEI 10:00AM ET,CHE,4.75
F,Michael Obafemi (11831891),Michael Obafemi,11831891,F/UTIL,4000,HUD vs SOU 10:00AM ET,SOU,2.94
D,Nicolas Otamendi (11831254),Nicolas Otamendi,11831254,D/UTIL,4000,MCI vs CRY 10:00AM ET,MCI,4.32
D,Aaron Wan-Bissaka (11831262),Aaron Wan-Bissaka,11831262,D/UTIL,4000,MCI vs CRY 10:00AM ET,CRY,7.36
D,DeAndre Yedlin (11831256),DeAndre Yedlin,11831256,D/UTIL,4000,NEW vs FUL 10:00AM ET,NEW,4.98
D,Pablo Zabaleta (11831260),Pablo Zabaleta,11831260,D/UTIL,4000,WHU vs WAT 10:00AM ET,WHU,5.29
D, Bernardo (11831266), Bernardo,11831266,D/UTIL,3900,BOU vs BHA 10:00AM ET,BHA,4.89
GK,Neil Etheridge (11831169),Neil Etheridge,11831169,GK,3900,CAR vs MU 12:30PM ET,CAR,5.91
F,Gary Madine (11831902),Gary Madine,11831902,F/UTIL,3900,CAR vs MU 12:30PM ET,CAR,0.2
M,Wilfred Ndidi (11831572),Wilfred Ndidi,11831572,M/UTIL,3900,CHE vs LEI 10:00AM ET,LEI,5.85
M/F,Shinji Okazaki (11831895),Shinji Okazaki,11831895,M/F/UTIL,3900,CHE vs LEI 10:00AM ET,LEI,1.64
F,Sam Gallagher (11831898),Sam Gallagher,11831898,F/UTIL,3900,HUD vs SOU 10:00AM ET,SOU,0
D,Marc Navarro (11831264),Marc Navarro,11831264,D/UTIL,3900,WHU vs WAT 10:00AM ET,WAT,5.25
M,Etienne Capoue (11831574),Etienne Capoue,11831574,M/UTIL,3900,WHU vs WAT 10:00AM ET,WAT,5.85
F,Adalberto Penaranda (11831900),Adalberto Penaranda,11831900,F/UTIL,3900,WHU vs WAT 10:00AM ET,WAT,0
D,Martin Montoya (11831274),Martin Montoya,11831274,D/UTIL,3800,BOU vs BHA 10:00AM ET,BHA,3.83
M,Jefferson Lerma (11831584),Jefferson Lerma,11831584,M/UTIL,3800,BOU vs BHA 10:00AM ET,BOU,4.81
GK,Brian Murphy (11831170),Brian Murphy,11831170,GK,3800,CAR vs MU 12:30PM ET,CAR,0
GK,Alex Smithies (11831171),Alex Smithies,11831171,GK,3800,CAR vs MU 12:30PM ET,CAR,0
D,Sol Bamba (11831276),Sol Bamba,11831276,D/UTIL,3800,CAR vs MU 12:30PM ET,CAR,5.66
M,Mateo Kovacic (11831576),Mateo Kovacic,11831576,M/UTIL,3800,CHE vs LEI 10:00AM ET,CHE,3.72
D,Yan Valery (11831270),Yan Valery,11831270,D/UTIL,3800,HUD vs SOU 10:00AM ET,SOU,1.17
D,Fabian Delph (11831268),Fabian Delph,11831268,D/UTIL,3800,MCI vs CRY 10:00AM ET,MCI,3.44
M,Phil Foden (11831578),Phil Foden,11831578,M/UTIL,3800,MCI vs CRY 10:00AM ET,MCI,0.94
F,Alexander Sørloth (11831904),Alexander Sørloth,11831904,F/UTIL,3800,MCI vs CRY 10:00AM ET,CRY,0.56
M,Ki Sung-yueng (11831580),Ki Sung-yueng,11831580,M/UTIL,3800,NEW vs FUL 10:00AM ET,NEW,5.02
D,Fabian Balbuena (11831272),Fabian Balbuena,11831272,D/UTIL,3800,WHU vs WAT 10:00AM ET,WHU,4.42
M,Mark Noble (11831582),Mark Noble,11831582,M/UTIL,3800,WHU vs WAT 10:00AM ET,WHU,3.33
D, Bruno (11831286), Bruno,11831286,D/UTIL,3700,BOU vs BHA 10:00AM ET,BHA,4.62
M,Andrew Surman (11831595),Andrew Surman,11831595,M/UTIL,3700,BOU vs BHA 10:00AM ET,BOU,0.83
F,Viktor Gyokeres (11831906),Viktor Gyokeres,11831906,F/UTIL,3700,BOU vs BHA 10:00AM ET,BHA,0
D,Marcos Rojo (11831278),Marcos Rojo,11831278,D/UTIL,3700,CAR vs MU 12:30PM ET,MU,2.88
GK,Kasper Schmeichel (11831172),Kasper Schmeichel,11831172,GK,3700,CHE vs LEI 10:00AM ET,LEI,5.26
M, Jorginho (11831586), Jorginho,11831586,M/UTIL,3700,CHE vs LEI 10:00AM ET,CHE,2.25
M/F,Demarai Gray (11831590),Demarai Gray,11831590,M/F/UTIL,3700,CHE vs LEI 10:00AM ET,LEI,5.98
D,Jack Stephens (11831284),Jack Stephens,11831284,D/UTIL,3700,HUD vs SOU 10:00AM ET,SOU,3.75
D,Terence Kongolo (11831288),Terence Kongolo,11831288,D/UTIL,3700,HUD vs SOU 10:00AM ET,HUD,4.88
D,Aymeric Laporte (11831280),Aymeric Laporte,11831280,D/UTIL,3700,MCI vs CRY 10:00AM ET,MCI,4.12
M,Adrian Bernabe (11831588),Adrian Bernabe,11831588,M/UTIL,3700,MCI vs CRY 10:00AM ET,MCI,0
D,Javier Manquillo (11831282),Javier Manquillo,11831282,D/UTIL,3700,NEW vs FUL 10:00AM ET,NEW,4.14
F,Floyd Ayite (11831908),Floyd Ayite,11831908,F/UTIL,3700,NEW vs FUL 10:00AM ET,FUL,0.96
M,Pedro Obiang (11831593),Pedro Obiang,11831593,M/UTIL,3700,WHU vs WAT 10:00AM ET,WHU,3.16
D,Shane Duffy (11831294),Shane Duffy,11831294,D/UTIL,3600,BOU vs BHA 10:00AM ET,BHA,4.75
M,Marc Pugh (11831603),Marc Pugh,11831603,M/UTIL,3600,BOU vs BHA 10:00AM ET,BOU,0
F,Aaron Connolly (11831912),Aaron Connolly,11831912,F/UTIL,3600,BOU vs BHA 10:00AM ET,BHA,0
M,Nemanja Matic (11831597),Nemanja Matic,11831597,M/UTIL,3600,CAR vs MU 12:30PM ET,MU,2.11
GK,Eldin Jakupovic (11831173),Eldin Jakupovic,11831173,GK,3600,CHE vs LEI 10:00AM ET,LEI,0
GK,Danny Ward (11831174),Danny Ward,11831174,GK,3600,CHE vs LEI 10:00AM ET,LEI,0
D,Christian Fuchs (11831290),Christian Fuchs,11831290,D/UTIL,3600,CHE vs LEI 10:00AM ET,LEI,7.75
M,Daniel Drinkwater (11831599),Daniel Drinkwater,11831599,M/UTIL,3600,CHE vs LEI 10:00AM ET,CHE,0
D,Tommy Smith (11831296),Tommy Smith,11831296,D/UTIL,3600,HUD vs SOU 10:00AM ET,HUD,2.88
M,Juninho Bacuna (11831605),Juninho Bacuna,11831605,M/UTIL,3600,HUD vs SOU 10:00AM ET,HUD,3.19
GK,Vicente Guaita (11831175),Vicente Guaita,11831175,GK,3600,MCI vs CRY 10:00AM ET,CRY,13.5
D,Patrick van Aanholt (11831292),Patrick van Aanholt,11831292,D/UTIL,3600,MCI vs CRY 10:00AM ET,CRY,5.62
M,Claudio Gomes (11831601),Claudio Gomes,11831601,M/UTIL,3600,MCI vs CRY 10:00AM ET,MCI,0
F,Connor Wickham (11831910),Connor Wickham,11831910,F/UTIL,3600,MCI vs CRY 10:00AM ET,CRY,0.75
D,Calum Chambers (11831298),Calum Chambers,11831298,D/UTIL,3600,NEW vs FUL 10:00AM ET,FUL,3.16
D,Charlie Daniels (11831308),Charlie Daniels,11831308,D/UTIL,3500,BOU vs BHA 10:00AM ET,BOU,3.8
M,Dan Gosling (11831617),Dan Gosling,11831617,M/UTIL,3500,BOU vs BHA 10:00AM ET,BOU,1.94
D,Chris Smalling (11831300),Chris Smalling,11831300,D/UTIL,3500,CAR vs MU 12:30PM ET,MU,2.85
M,Andreas Pereira (11831607),Andreas Pereira,11831607,M/UTIL,3500,CAR vs MU 12:30PM ET,MU,1.88
M,George McEachran (11831609),George McEachran,11831609,M/UTIL,3500,CHE vs LEI 10:00AM ET,CHE,0
D,Wesley Hoedt (11831304),Wesley Hoedt,11831304,D/UTIL,3500,HUD vs SOU 10:00AM ET,SOU,3.73
D, Zanka (11831310), Zanka,11831310,D/UTIL,3500,HUD vs SOU 10:00AM ET,HUD,5.03
M,Isaac Mbenza (11831619),Isaac Mbenza,11831619,M/UTIL,3500,HUD vs SOU 10:00AM ET,HUD,1.73
GK,Julian Speroni (11831176),Julian Speroni,11831176,GK,3500,MCI vs CRY 10:00AM ET,CRY,0
GK,Wayne Hennessey (11831177),Wayne Hennessey,11831177,GK,3500,MCI vs CRY 10:00AM ET,CRY,5
GK,Dion Henry (11831178),Dion Henry,11831178,GK,3500,MCI vs CRY 10:00AM ET,CRY,0
D,Vincent Kompany (11831302),Vincent Kompany,11831302,D/UTIL,3500,MCI vs CRY 10:00AM ET,MCI,0.71
D,Joel Ward (11831306),Joel Ward,11831306,D/UTIL,3500,MCI vs CRY 10:00AM ET,CRY,3.12
M,Felix Nmecha (11831611),Felix Nmecha,11831611,M/UTIL,3500,MCI vs CRY 10:00AM ET,MCI,0
M,Max Meyer (11831613),Max Meyer,11831613,M/UTIL,3500,MCI vs CRY 10:00AM ET,CRY,4.64
D,Maxime Le Marchand (11831312),Maxime Le Marchand,11831312,D/UTIL,3500,NEW vs FUL 10:00AM ET,FUL,3.96
M,Tom Cleverley (11831615),Tom Cleverley,11831615,M/UTIL,3500,WHU vs WAT 10:00AM ET,WAT,2
F,Andriy Yarmolenko (11831914),Andriy Yarmolenko,11831914,F/UTIL,3500,WHU vs WAT 10:00AM ET,WHU,4.72
M,Lewis Cook (11831635),Lewis Cook,11831635,M/UTIL,3400,BOU vs BHA 10:00AM ET,BOU,1.35
M,Beram Kayal (11831637),Beram Kayal,11831637,M/UTIL,3400,BOU vs BHA 10:00AM ET,BHA,3.75
D,Joe Bennett (11831326),Joe Bennett,11831326,D/UTIL,3400,CAR vs MU 12:30PM ET,CAR,5.65
M,Scott McTominay (11831621),Scott McTominay,11831621,M/UTIL,3400,CAR vs MU 12:30PM ET,MU,2.38
M,Joe Ralls (11831643),Joe Ralls,11831643,M/UTIL,3400,CAR vs MU 12:30PM ET,CAR,3.81
D,Gary Cahill (11831314),Gary Cahill,11831314,D/UTIL,3400,CHE vs LEI 10:00AM ET,CHE,0
D,Harry Maguire (11831318),Harry Maguire,11831318,D/UTIL,3400,CHE vs LEI 10:00AM ET,LEI,5.58
M,Rachid Ghezzal (11831625),Rachid Ghezzal,11831625,M/UTIL,3400,CHE vs LEI 10:00AM ET,LEI,4.41
D,Jannik Vestergaard (11831320),Jannik Vestergaard,11831320,D/UTIL,3400,HUD vs SOU 10:00AM ET,SOU,3.33
M,Jonathan Hogg (11831639),Jonathan Hogg,11831639,M/UTIL,3400,HUD vs SOU 10:00AM ET,HUD,3.77
D,Eliaquim Mangala (11831316),Eliaquim Mangala,11831316,D/UTIL,3400,MCI vs CRY 10:00AM ET,MCI,0
M,James McArthur (11831631),James McArthur,11831631,M/UTIL,3400,MCI vs CRY 10:00AM ET,CRY,4.91
M,Mohamed Diame (11831623),Mohamed Diame,11831623,M/UTIL,3400,NEW vs FUL 10:00AM ET,NEW,3.10
M,Tom Cairney (11831641),Tom Cairney,11831641,M/UTIL,3400,NEW vs FUL 10:00AM ET,FUL,3.25
D,Issa Diop (11831322),Issa Diop,11831322,D/UTIL,3400,WHU vs WAT 10:00AM ET,WHU,3.3
D,Marvin Zeegelaar (11831324),Marvin Zeegelaar,11831324,D/UTIL,3400,WHU vs WAT 10:00AM ET,WAT,0
M,Jack Wilshere (11831627),Jack Wilshere,11831627,M/UTIL,3400,WHU vs WAT 10:00AM ET,WHU,4.2
M,Declan Rice (11831629),Declan Rice,11831629,M/UTIL,3400,WHU vs WAT 10:00AM ET,WHU,2.93
M,Will Hughes (11831633),Will Hughes,11831633,M/UTIL,3400,WHU vs WAT 10:00AM ET,WAT,5.48
D,Steve Cook (11831336),Steve Cook,11831336,D/UTIL,3300,BOU vs BHA 10:00AM ET,BOU,4.52
D,Markus Suttner (11831338),Markus Suttner,11831338,D/UTIL,3300,BOU vs BHA 10:00AM ET,BHA,0
M,Mihai-Alexandru Dobre (11831659),Mihai-Alexandru Dobre,11831659,M/UTIL,3300,BOU vs BHA 10:00AM ET,BOU,0
M,Yves Bissouma (11831661),Yves Bissouma,11831661,M/UTIL,3300,BOU vs BHA 10:00AM ET,BHA,2.67
D,Bruno Ecuele Manga (11831342),Bruno Ecuele Manga,11831342,D/UTIL,3300,CAR vs MU 12:30PM ET,CAR,4.21
M,Ethan Hamilton (11831645),Ethan Hamilton,11831645,M/UTIL,3300,CAR vs MU 12:30PM ET,MU,0
M,Aron Gunnarsson (11831667),Aron Gunnarsson,11831667,M/UTIL,3300,CAR vs MU 12:30PM ET,CAR,4.42
D,Andreas Christensen (11831328),Andreas Christensen,11831328,D/UTIL,3300,CHE vs LEI 10:00AM ET,CHE,0.5
M,Adrien Silva (11831649),Adrien Silva,11831649,M/UTIL,3300,CHE vs LEI 10:00AM ET,LEI,2.25
D,Maya Yoshida (11831334),Maya Yoshida,11831334,D/UTIL,3300,HUD vs SOU 10:00AM ET,SOU,3.17
D,Christopher Schindler (11831340),Christopher Schindler,11831340,D/UTIL,3300,HUD vs SOU 10:00AM ET,HUD,3.21
M,Ramadan Sobhi (11831663),Ramadan Sobhi,11831663,M/UTIL,3300,HUD vs SOU 10:00AM ET,HUD,1.19
D,John Stones (11831330),John Stones,11831330,D/UTIL,3300,MCI vs CRY 10:00AM ET,MCI,2.77
M,Jeffrey Schlupp (11831655),Jeffrey Schlupp,11831655,M/UTIL,3300,MCI vs CRY 10:00AM ET,CRY,3.23
D,Jamaal Lascelles (11831332),Jamaal Lascelles,11831332,D/UTIL,3300,NEW vs FUL 10:00AM ET,NEW,2.92
M,Isaac Hayden (11831647),Isaac Hayden,11831647,M/UTIL,3300,NEW vs FUL 10:00AM ET,NEW,0.3
M,Andre-Frank Zambo Anguissa (11831665),Andre-Frank Zambo Anguissa,11831665,M/UTIL,3300,NEW vs FUL 10:00AM ET,FUL,2.41
M,Carlos Sanchez (11831651),Carlos Sanchez,11831651,M/UTIL,3300,WHU vs WAT 10:00AM ET,WHU,1.2
M,Conor Coventry (11831653),Conor Coventry,11831653,M/UTIL,3300,WHU vs WAT 10:00AM ET,WHU,0
M,Ken Sema (11831657),Ken Sema,11831657,M/UTIL,3300,WHU vs WAT 10:00AM ET,WAT,2.57
D,Nathan Ake (11831356),Nathan Ake,11831356,D/UTIL,3200,BOU vs BHA 10:00AM ET,BOU,3.69
M,Kyle Taylor (11831683),Kyle Taylor,11831683,M/UTIL,3200,BOU vs BHA 10:00AM ET,BOU,0
M,Dale Stephens (11831685),Dale Stephens,11831685,M/UTIL,3200,BOU vs BHA 10:00AM ET,BHA,1.46
D,Victor Lindelof (11831344),Victor Lindelof,11831344,D/UTIL,3200,CAR vs MU 12:30PM ET,MU,1.96
D,Sean Morrison (11831358),Sean Morrison,11831358,D/UTIL,3200,CAR vs MU 12:30PM ET,CAR,3.93
M,Angel Gomes (11831669),Angel Gomes,11831669,M/UTIL,3200,CAR vs MU 12:30PM ET,MU,0
M,Harry Arter (11831691),Harry Arter,11831691,M/UTIL,3200,CAR vs MU 12:30PM ET,CAR,3.20
D,Ethan Ampadu (11831346),Ethan Ampadu,11831346,D/UTIL,3200,CHE vs LEI 10:00AM ET,CHE,0
M,Hamza Choudhury (11831673),Hamza Choudhury,11831673,M/UTIL,3200,CHE vs LEI 10:00AM ET,LEI,0
M,Oriol Romeu (11831675),Oriol Romeu,11831675,M/UTIL,3200,HUD vs SOU 10:00AM ET,SOU,0.68
M,Danny Williams (11831687),Danny Williams,11831687,M/UTIL,3200,HUD vs SOU 10:00AM ET,HUD,0
D,Philippe Sandler (11831348),Philippe Sandler,11831348,D/UTIL,3200,MCI vs CRY 10:00AM ET,MCI,0
D,Pape Souare (11831352),Pape Souare,11831352,D/UTIL,3200,MCI vs CRY 10:00AM ET,CRY,1.5
M,Jason Puncheon (11831679),Jason Puncheon,11831679,M/UTIL,3200,MCI vs CRY 10:00AM ET,CRY,-0.12
D,Florian Lejeune (11831350),Florian Lejeune,11831350,D/UTIL,3200,NEW vs FUL 10:00AM ET,NEW,0
M,Callum Roberts (11831671),Callum Roberts,11831671,M/UTIL,3200,NEW vs FUL 10:00AM ET,NEW,0
M,Neeskens Kebano (11831689),Neeskens Kebano,11831689,M/UTIL,3200,NEW vs FUL 10:00AM ET,FUL,0.88
D,Christian Kabasele (11831354),Christian Kabasele,11831354,D/UTIL,3200,WHU vs WAT 10:00AM ET,WAT,2.69
M,Grady Diangana (11831677),Grady Diangana,11831677,M/UTIL,3200,WHU vs WAT 10:00AM ET,WHU,3.94
M,Nathaniel Chalobah (11831681),Nathaniel Chalobah,11831681,M/UTIL,3200,WHU vs WAT 10:00AM ET,WAT,0.67
D,Tyrone Mings (11831366),Tyrone Mings,11831366,D/UTIL,3100,BOU vs BHA 10:00AM ET,BOU,1.94
D,Gaetan Bong (11831368),Gaetan Bong,11831368,D/UTIL,3100,BOU vs BHA 10:00AM ET,BHA,3.46
M,Nnamdi Ofoborh (11831705),Nnamdi Ofoborh,11831705,M/UTIL,3100,BOU vs BHA 10:00AM ET,BOU,0
M,Davy Propper (11831707),Davy Propper,11831707,M/UTIL,3100,BOU vs BHA 10:00AM ET,BHA,2.77
D,Phil Jones (11831360),Phil Jones,11831360,D/UTIL,3100,CAR vs MU 12:30PM ET,MU,2.17
M,Tahith Chong (11831693),Tahith Chong,11831693,M/UTIL,3100,CAR vs MU 12:30PM ET,MU,0
M,Kadeem Harris (11831711),Kadeem Harris,11831711,M/UTIL,3100,CAR vs MU 12:30PM ET,CAR,2.94
M,Andy King (11831697),Andy King,11831697,M/UTIL,3100,CHE vs LEI 10:00AM ET,LEI,0
M,Cheikhou Kouyate (11831701),Cheikhou Kouyate,11831701,M/UTIL,3100,MCI vs CRY 10:00AM ET,CRY,2.93
D,Federico Fernandez (11831362),Federico Fernandez,11831362,D/UTIL,3100,NEW vs FUL 10:00AM ET,NEW,3.08
M,Sean Longstaff (11831695),Sean Longstaff,11831695,M/UTIL,3100,NEW vs FUL 10:00AM ET,NEW,0
M,Stefan Johansen (11831709),Stefan Johansen,11831709,M/UTIL,3100,NEW vs FUL 10:00AM ET,FUL,0.44
D,Adrian Mariappa (11831364),Adrian Mariappa,11831364,D/UTIL,3100,WHU vs WAT 10:00AM ET,WAT,1.83
M,Nathan Holland (11831699),Nathan Holland,11831699,M/UTIL,3100,WHU vs WAT 10:00AM ET,WHU,0
M,Domingos Quina (11831703),Domingos Quina,11831703,M/UTIL,3100,WHU vs WAT 10:00AM ET,WAT,6.42
D,Jack Simpson (11831378),Jack Simpson,11831378,D/UTIL,3000,BOU vs BHA 10:00AM ET,BOU,0
M,Will Collar (11831731),Will Collar,11831731,M/UTIL,3000,BOU vs BHA 10:00AM ET,BHA,0
D,Eric Bailly (11831370),Eric Bailly,11831370,D/UTIL,3000,CAR vs MU 12:30PM ET,MU,1.57
D,Greg Cunningham (11831382),Greg Cunningham,11831382,D/UTIL,3000,CAR vs MU 12:30PM ET,CAR,3.5
M,James Garner (11831713),James Garner,11831713,M/UTIL,3000,CAR vs MU 12:30PM ET,MU,0
M,Loic Damour (11831747),Loic Damour,11831747,M/UTIL,3000,CAR vs MU 12:30PM ET,CAR,0.25
D,Jonny Evans (11831372),Jonny Evans,11831372,D/UTIL,3000,CHE vs LEI 10:00AM ET,LEI,3.11
M,Thakgalo Leshabela (11831715),Thakgalo Leshabela,11831715,M/UTIL,3000,CHE vs LEI 10:00AM ET,LEI,0
M,Vicente Iborra (11831749),Vicente Iborra,11831749,M/UTIL,3000,CHE vs LEI 10:00AM ET,LEI,0.75
M,Matty James (11831753),Matty James,11831753,M/UTIL,3000,CHE vs LEI 10:00AM ET,LEI,0
M,Nampalys Mendy (11831755),Nampalys Mendy,11831755,M/UTIL,3000,CHE vs LEI 10:00AM ET,LEI,2.17
M,Abdelhamid Sabiri (11831733),Abdelhamid Sabiri,11831733,M/UTIL,3000,HUD vs SOU 10:00AM ET,HUD,1.25
M,Tyreke Johnson (11831751),Tyreke Johnson,11831751,M/UTIL,3000,HUD vs SOU 10:00AM ET,SOU,0
M,Jonathan Williams (11831721),Jonathan Williams,11831721,M/UTIL,3000,MCI vs CRY 10:00AM ET,CRY,0
M,Jairo Riedewald (11831723),Jairo Riedewald,11831723,M/UTIL,3000,MCI vs CRY 10:00AM ET,CRY,0
M,Sullay Kaikai (11831725),Sullay Kaikai,11831725,M/UTIL,3000,MCI vs CRY 10:00AM ET,CRY,0
M,Nya Kirby (11831727),Nya Kirby,11831727,M/UTIL,3000,MCI vs CRY 10:00AM ET,CRY,0
M,Gio McGregor (11831729),Gio McGregor,11831729,M/UTIL,3000,MCI vs CRY 10:00AM ET,CRY,0
D,Timothy Fosu-Mensah (11831380),Timothy Fosu-Mensah,11831380,D/UTIL,3000,NEW vs FUL 10:00AM ET,FUL,2.46
M,Ibrahima Cisse (11831735),Ibrahima Cisse,11831735,M/UTIL,3000,NEW vs FUL 10:00AM ET,FUL,-0.5
M,Luca De La Torre (11831737),Luca De La Torre,11831737,M/UTIL,3000,NEW vs FUL 10:00AM ET,FUL,0
M,Matt O'Riley (11831739),Matt O'Riley,11831739,M/UTIL,3000,NEW vs FUL 10:00AM ET,FUL,0
M,Harvey Elliott (11831741),Harvey Elliott,11831741,M/UTIL,3000,NEW vs FUL 10:00AM ET,FUL,0
M,Kevin McDonald (11831743),Kevin McDonald,11831743,M/UTIL,3000,NEW vs FUL 10:00AM ET,FUL,0.86
D,Steven Sessegnon (11831745),Steven Sessegnon,11831745,D/UTIL,3000,NEW vs FUL 10:00AM ET,FUL,0
D,Angelo Ogbonna (11831374),Angelo Ogbonna,11831374,D/UTIL,3000,WHU vs WAT 10:00AM ET,WHU,1.1
D,Craig Cathcart (11831376),Craig Cathcart,11831376,D/UTIL,3000,WHU vs WAT 10:00AM ET,WAT,3.31
M,Joe Powell (11831717),Joe Powell,11831717,M/UTIL,3000,WHU vs WAT 10:00AM ET,WHU,0
M,Xande Silva (11831719),Xande Silva,11831719,M/UTIL,3000,WHU vs WAT 10:00AM ET,WHU,0
D,Lewis Dunk (11831396),Lewis Dunk,11831396,D/UTIL,2900,BOU vs BHA 10:00AM ET,BHA,3.14
D,Matthew Connolly (11831400),Matthew Connolly,11831400,D/UTIL,2900,CAR vs MU 12:30PM ET,CAR,0
D,Daniel Amartey (11831386),Daniel Amartey,11831386,D/UTIL,2900,CHE vs LEI 10:00AM ET,LEI,2.47
D,Danny Simpson (11831388),Danny Simpson,11831388,D/UTIL,2900,CHE vs LEI 10:00AM ET,LEI,1.25
D,James Tomkins (11831392),James Tomkins,11831392,D/UTIL,2900,MCI vs CRY 10:00AM ET,CRY,3.16
D,Jamie Sterry (11831384),Jamie Sterry,11831384,D/UTIL,2900,NEW vs FUL 10:00AM ET,NEW,0
D,Denis Odoi (11831398),Denis Odoi,11831398,D/UTIL,2900,NEW vs FUL 10:00AM ET,FUL,2.43
D,Winston Reid (11831390),Winston Reid,11831390,D/UTIL,2900,WHU vs WAT 10:00AM ET,WHU,0
D,Miguel Britos (11831394),Miguel Britos,11831394,D/UTIL,2900,WHU vs WAT 10:00AM ET,WAT,0
D,Leon Balogun (11831412),Leon Balogun,11831412,D/UTIL,2800,BOU vs BHA 10:00AM ET,BHA,3.25
D,Ezequiel Schelotto (11831414),Ezequiel Schelotto,11831414,D/UTIL,2800,BOU vs BHA 10:00AM ET,BHA,0
D,Jazz Richards (11831418),Jazz Richards,11831418,D/UTIL,2800,CAR vs MU 12:30PM ET,CAR,0.33
D,Wes Morgan (11831402),Wes Morgan,11831402,D/UTIL,2800,CHE vs LEI 10:00AM ET,LEI,1.96
D,Jan Bednarek (11831404),Jan Bednarek,11831404,D/UTIL,2800,HUD vs SOU 10:00AM ET,SOU,1.88
D,Jon Gorenc Stankovic (11831416),Jon Gorenc Stankovic,11831416,D/UTIL,2800,HUD vs SOU 10:00AM ET,HUD,8
D,Mamadou Sakho (11831408),Mamadou Sakho,11831408,D/UTIL,2800,MCI vs CRY 10:00AM ET,CRY,2.79
D,Ryan Fredericks (11831406),Ryan Fredericks,11831406,D/UTIL,2800,WHU vs WAT 10:00AM ET,WHU,1.5
D,Younes Kaboul (11831410),Younes Kaboul,11831410,D/UTIL,2800,WHU vs WAT 10:00AM ET,WAT,0
D,Ben Barclay (11831428),Ben Barclay,11831428,D/UTIL,2700,BOU vs BHA 10:00AM ET,BHA,0
D,Yohan Benalouane (11831420),Yohan Benalouane,11831420,D/UTIL,2700,CHE vs LEI 10:00AM ET,LEI,0
D,Scott Dann (11831424),Scott Dann,11831424,D/UTIL,2700,MCI vs CRY 10:00AM ET,CRY,0
D,Alfie Mawson (11831430),Alfie Mawson,11831430,D/UTIL,2700,NEW vs FUL 10:00AM ET,FUL,1.58
D,Reece Oxford (11831422),Reece Oxford,11831422,D/UTIL,2700,WHU vs WAT 10:00AM ET,WHU,0
D,Sebastian Prodl (11831426),Sebastian Prodl,11831426,D/UTIL,2700,WHU vs WAT 10:00AM ET,WAT,-0.5
D,Ben White (11831438),Ben White,11831438,D/UTIL,2600,BOU vs BHA 10:00AM ET,BHA,0
D,Lee Peltier (11831442),Lee Peltier,11831442,D/UTIL,2600,CAR vs MU 12:30PM ET,CAR,1.12
D,Josh Knight (11831432),Josh Knight,11831432,D/UTIL,2600,CHE vs LEI 10:00AM ET,LEI,0
D,Martin Kelly (11831434),Martin Kelly,11831434,D/UTIL,2600,MCI vs CRY 10:00AM ET,CRY,2.62
D,Tim Ream (11831440),Tim Ream,11831440,D/UTIL,2600,NEW vs FUL 10:00AM ET,FUL,1.21
D,Ben Wilmot (11831436),Ben Wilmot,11831436,D/UTIL,2600,WHU vs WAT 10:00AM ET,WAT,0
D,Caglar Soyuncu (11831444),Caglar Soyuncu,11831444,D/UTIL,2500,CHE vs LEI 10:00AM ET,LEI,0.19
D,Sam Woods (11831446),Sam Woods,11831446,D/UTIL,2500,MCI vs CRY 10:00AM ET,CRY,0
